dacs,△G*ooh,△G*o,△G*oh,Z_A,Z_B,r_A,r_B,R_A,R_B,N_A,N_B,EP_A,EP_B,EA_A,EA_B,IE_A,IE_B,d/p band_A,d/p band_B,dMAN,dMBN
TiCr,1.13611335,-1.4343791,-2.30678355,22,24,147,128,187,189,4,6,1.54,1.66,0.07554,0.675928,6.8281,6.7665,0.473,-1.324,1.931135,1.941745
TiNb,-4.72504165,-3.6172931,-3.42692555,22,41,147,146,187,207,4,5,1.54,1.6,0.07554,0.9174,6.8281,6.7589,0.831,-0.152,1.984605,1.9903625
TiSn,-4.02154165,-4.6631351,-5.22645155,22,50,147,151,187,233,4,14,1.54,1.96,0.07554,1.11207,6.8281,7.3439,0.376,-3.091,1.9313575,2.024195
TiIr,1.70741335,-0.7232961,-1.73599655,22,77,147,135.5,187,202,4,9,1.54,2.2,0.07554,1.564057,6.8281,8.967,1.252,-1.299,1.9454075,1.96595
VTi,-3.73408765,-2.1684221,-1.72364955,23,22,134,147,179,187,5,4,1.63,1.54,0.52766,0.07554,6.7462,6.8281,0.718,0.764,1.93321,1.9506975
VCo,2.31280735,-1.0832291,-1.05361655,23,27,134,125,179,192,5,9,1.63,1.88,0.52766,0.662255,6.7462,7.881,-0.737,-1.895,1.8968425,1.88104
VCd,-2.21466665,-2.2214061,-2.01579955,23,48,134,148.9,179,230,5,12,1.63,1.69,0.52766,-0.7,6.7462,8.9938,-0.61,-8.215,1.8976175,2.074405
VRe,1.97846335,-1.1447291,-1.22111155,23,75,134,137,179,217,5,7,1.63,1.9,0.52766,0.060396,6.7462,7.8335,-0.768,-1.681,1.9271125,1.95724
CrV,-2.11653365,-0.8167801,-0.51332855,24,23,128,134,189,179,6,5,1.66,1.63,0.675928,0.52766,6.7665,6.7462,-1.191,0.349,1.9290625,1.9089725
CrFe,2.99477735,0.1667559,0.10991845,24,26,128,126,189,194,6,8,1.66,1.83,0.675928,0.153236,6.7665,7.9024,-1.333,-1.949,1.8917875,1.8875525
CrRh,3.02221735,0.2640539,1.41E-04,24,45,128,134,189,195,6,9,1.66,2.28,0.675928,1.14289,6.7665,7.4589,0.427,-0.712,1.885875,1.9462775
CrOs,2.93719635,0.2031999,-0.06529555,24,76,128,135,189,216,6,8,1.66,2.2,0.675928,1.077661,6.7665,8.4382,0.518,-0.531,1.9055725,1.9416775
MnCr,3.39390335,1.1216689,0.41408845,25,24,127,128,197,189,7,6,1.55,1.66,-0.5,0.675928,7.434,6.7665,-1.769,-0.953,1.895895,1.889315
MnCu,3.56928235,1.3486489,0.45109145,25,29,127,128,197,186,7,11,1.55,1.9,-0.5,1.23578,7.434,7.7264,-1.23,-3.001,1.88888,1.9229375
MnRu,3.71241435,1.6900499,0.68791545,25,44,127,134,197,207,7,8,1.55,2.2,-0.5,1.04627,7.434,7.3605,-0.743,-1.58,1.8902375,1.9347175
MnIr,3.68313535,1.6780429,0.69041845,25,77,127,135.5,197,202,7,9,1.55,2.2,-0.5,1.564057,7.434,8.967,-0.911,-2.423,1.8901325,1.949415
MnAu,3.44301235,1.0517429,0.27586145,25,79,127,144,197,217,7,11,1.55,2.4,-0.5,2.30861,7.434,9.2255,-0.069,-5.631,1.880885,1.97421
FeMn,3.74053535,1.9831909,0.73502745,26,25,126,127,194,197,8,7,1.83,1.55,0.153236,-0.5,7.9024,7.434,-1.207,-0.621,1.885905,1.88608
FeNi,3.84575935,1.9898529,0.79635245,26,28,126,124,194,184,8,10,1.83,1.91,0.153236,1.157368,7.9024,7.6399,-0.42,-0.853,1.8656575,1.870755
FeAg,3.76706635,1.7107839,0.72552145,26,47,126,144,194,203,8,11,1.83,1.93,0.153236,1.30447,7.9024,7.5762,-0.77,-5.773,1.863215,1.9731625
FePt,3.80775335,1.9346059,0.77596145,26,78,126,138.5,194,209,8,10,1.83,2.2,0.153236,2.1251,7.9024,8.9588,-0.734,-2.799,1.87003,1.9564075
CoCr,4.62418135,3.4767789,1.73694345,27,24,125,128,192,189,9,6,1.88,1.66,0.662255,0.675928,7.881,6.7665,-1.181,-0.752,1.871655,1.88491
CoCo,4.53604635,3.2784769,1.52506845,27,27,125,125,192,192,9,9,1.88,1.88,0.662255,0.662255,7.881,7.881,-1.216,-1.214,1.8626,1.862735
CoPd,4.18005935,2.7381589,1.40872245,27,46,125,137,192,202,9,10,1.88,2.2,0.662255,0.56214,7.881,8.3369,-0.75,-2.474,1.85319,1.9522325
CoOs,4.57350135,3.2963289,1.68695445,27,76,125,135,192,216,9,8,1.88,2.2,0.662255,1.077661,7.881,8.4382,-1.547,-1.642,1.8791325,1.93067
CoAu,4.00178535,2.3469729,1.01235445,27,79,125,144,192,217,9,11,1.88,2.4,0.662255,2.30861,7.881,9.2255,-1.413,-4.689,1.84534,1.960035
NiCo,4.76580535,4.1644059,1.92014045,28,27,124,125,184,192,10,9,1.91,1.88,1.157368,0.662255,7.6399,7.881,-1.903,-0.658,1.8691675,1.855175
NiZn,4.46771135,3.7397039,1.70836545,28,30,124,134,184,210,10,12,1.91,1.65,1.157368,-0.6,7.6399,9.3942,-1.677,-5.716,1.8621025,1.940975
NiRh,4.61212335,3.8785669,1.68567145,28,45,124,134,184,195,10,9,1.91,2.28,1.157368,1.14289,7.6399,7.4589,-2.559,-2.072,1.8753325,1.9363925
NiIr,4.58012335,3.7557279,1.61785845,28,77,124,135.5,184,202,10,9,1.91,2.2,1.157368,1.564057,7.6399,8.967,-2.939,-2.447,1.8825575,1.942165
NiPt,4.67039935,3.8666129,1.76382445,28,78,124,138.5,184,209,10,10,1.91,2.2,1.157368,2.1251,7.6399,8.9588,-1.989,-3.304,1.85295,1.9468675
CuFe,4.52605935,3.9112749,1.75538545,29,26,128,126,186,194,11,8,1.9,1.83,1.23578,0.153236,7.7264,7.9024,-1.494,-0.659,1.9237725,1.8677
CuCu,4.73047435,3.8346479,1.80126745,29,29,128,128,186,186,11,11,1.9,1.9,1.23578,1.23578,7.7264,7.7264,-3.65,-3.651,1.8897425,1.889725
CuRu,4.47064435,3.0636179,1.32966945,29,44,128,134,186,207,11,8,1.9,2.2,1.23578,1.04627,7.7264,7.3605,-3.899,-1.181,1.9565025,1.9246025
CuIr,4.39258335,2.8608509,0.83763145,29,77,128,135.5,186,202,11,9,1.9,2.2,1.23578,1.564057,7.7264,8.967,-3.487,-3.392,1.9648525,1.9398925
ZnMn,3.54056835,2.8757199,0.34569145,30,25,134,127,210,197,12,7,1.65,1.55,-0.6,-0.5,9.3942,7.434,-6.176,-2.539,1.9545775,1.888925
ZnZn,3.75163935,2.9259959,0.41461045,30,30,134,134,210,210,12,12,1.65,1.65,-0.6,-0.6,9.3942,9.3942,-6.464,-6.464,1.929755,1.9296575
ZnAg,3.52876135,2.7496019,0.15057145,30,47,134,144,210,203,12,11,1.65,1.93,-0.6,1.30447,9.3942,7.5762,-6.375,-5.741,1.931165,1.96825
ZnOs,2.97031135,2.0628739,-0.43331955,30,76,134,135,210,216,12,8,1.65,2.2,-0.6,1.077661,9.3942,8.4382,-7.094,-2.735,1.98884,1.9208025
ZrTi,-5.41969165,-4.8939491,-4.56854855,40,22,160,147,186,187,4,4,1.33,1.54,0.433283,0.07554,6.6339,6.8281,0.494,1.357,2.0198425,1.9911375
ZrZr,-7.67926765,-6.5567671,-5.97739355,40,40,160,160,186,186,4,4,1.33,1.33,0.433283,0.433283,6.6339,6.6339,0.286,-0.102,2.0208225,2.064575
ZrTc,-0.27815165,-2.5840771,-3.62110155,40,43,160,136,186,209,4,7,1.33,2.1,0.433283,0.636,6.6339,7.28,1.313,-1.033,2.0436725,1.96479
ZrSn,-5.61571365,-5.9428091,-7.23764555,40,50,160,151,186,233,4,14,1.33,1.96,0.433283,1.11207,6.6339,7.3439,0.164,-2.814,2.0126075,2.04984
NbCu,-1.97201065,-2.7783891,-2.68464755,41,29,146,128,207,186,5,11,1.6,1.9,0.9174,1.23578,6.7589,7.7264,-0.557,-3.451,1.9717275,1.9593375
NbMo,0.47342635,-2.8564941,-3.08096955,41,42,146,139,207,209,5,6,1.6,2.16,0.9174,0.74723,6.7589,7.0924,0.551,-0.5,2.0094925,1.98547
NbCd,-3.88942665,-3.9603901,-3.81294255,41,48,146,148.9,207,230,5,12,1.6,1.69,0.9174,-0.7,6.7589,8.9938,-0.065,-7.221,1.9682875,2.085705
NbRe,0.75409535,-2.4135901,-2.74072855,41,75,146,137,207,217,5,7,1.6,1.9,0.9174,0.060396,6.7589,7.8335,-0.169,-1.658,1.99853,1.97127
MoV,-3.48254865,-2.1260801,-1.56971555,42,23,139,134,209,179,6,5,2.16,1.63,0.74723,0.52766,7.0924,6.7462,-0.595,1.184,1.973875,1.9412025
MoNb,-5.12391865,-2.7877061,-1.99288055,42,41,139,146,209,207,6,5,2.16,1.6,0.74723,0.9174,7.0924,6.7589,-0.217,0.681,1.9850525,2.010125
MoW,-3.72739665,-2.0961441,-1.82345055,42,74,139,139,209,210,6,6,2.16,1.7,0.74723,0.8165,7.0924,7.864,-1.045,-0.623,1.9788775,1.976265
TcMn,3.04760835,-0.1365551,-0.06750155,43,25,136,127,209,197,7,7,2.1,1.55,0.636,-0.5,7.28,7.434,-1.206,-1.973,1.9402775,1.903005
TcZr,-4.66554165,-2.6099201,-2.56482255,43,40,136,160,209,186,7,4,2.1,1.33,0.636,0.433283,7.28,6.6339,-1.006,1.25,1.964795,2.043745
TcRh,2.90975735,-0.2365851,-0.20443655,43,45,136,134,209,195,7,9,2.1,2.28,0.636,1.14289,7.28,7.4589,-1.162,-2.598,1.94946,1.9545525
RuCr,3.61030435,1.4772129,0.54067045,44,24,134,128,207,189,8,6,2.2,1.66,1.04627,0.675928,7.3605,6.7665,-1.044,-0.762,1.938945,1.9001
RuNi,3.94954735,1.3374199,0.90373845,44,28,134,124,207,184,8,10,2.2,1.91,1.04627,1.157368,7.3605,7.6399,-1.635,-2.588,1.9263525,1.8964575
RuRu,3.73734235,1.7506779,0.80733345,44,44,134,134,207,207,8,8,2.2,2.2,1.04627,1.04627,7.3605,7.3605,-2.134,-2.128,1.93244,1.93234
RuAg,3.49949535,1.0920169,0.43357845,44,47,134,144,207,203,8,11,2.2,1.93,1.04627,1.30447,7.3605,7.5762,-1.634,-4.005,1.923185,2.0383225
RuIr,3.79905635,1.8412179,0.81240545,44,77,134,135.5,207,202,8,9,2.2,2.2,1.04627,1.564057,7.3605,8.967,-1.391,-2.075,1.9437475,1.9497875
RhFe,4.73554535,3.5659069,1.75982645,45,26,134,126,195,194,9,8,2.28,1.83,1.14289,0.153236,7.4589,7.9024,-2.755,-1.322,2.018105,1.8691
RhZn,4.06160235,2.2358019,0.83911845,45,30,134,134,195,210,9,12,2.28,1.65,1.14289,-0.6,7.4589,9.3942,-1.919,-6.433,1.93808,1.96166
RhPd,4.04935935,2.6055909,1.11277245,45,46,134,137,195,202,9,10,2.28,2.2,1.14289,0.56214,7.4589,8.3369,-1.583,-3.311,1.935155,1.961505
RhOs,4.74832735,3.5216039,1.87364545,45,76,134,135,195,216,9,8,2.28,2.2,1.14289,1.077661,7.4589,8.4382,-2.691,-2.102,1.9519225,1.932585
RhPt,4.05737035,2.6065219,1.12001445,45,78,134,138.5,195,209,9,10,2.28,2.2,1.14289,2.1251,7.4589,8.9588,-3.329,-4.602,1.9395075,1.963695
PdCo,4.94103235,4.4137839,2.06075445,46,27,137,125,202,192,10,9,2.2,1.88,0.56214,0.662255,8.3369,7.881,-3.603,-1.283,1.9524025,1.8534525
PdRh,4.67639735,4.3184629,1.76984145,46,45,137,134,202,195,10,9,2.2,2.28,0.56214,1.14289,8.3369,7.4589,-4.049,-2.626,1.9615775,1.9350925
PdAg,4.61759835,3.9673969,1.76276645,46,47,137,144,202,203,10,11,2.2,1.93,0.56214,1.30447,8.3369,7.5762,-3.657,-5.799,1.9411625,1.9561625
PdIr,4.73931335,4.0970579,1.75876645,46,77,137,135.5,202,202,10,9,2.2,2.2,0.56214,1.564057,8.3369,8.967,-4.76,-3.324,1.9685425,1.939435
PdAu,4.59317835,3.9475179,1.76321145,46,79,137,144,202,217,10,11,2.2,2.4,0.56214,2.30861,8.3369,9.2255,-2.26,-5.006,1.9367225,1.9586125
AgCo,4.65274735,4.3679089,1.86840645,47,27,144,125,203,192,11,9,1.93,1.88,1.30447,0.662255,7.5762,7.881,-5.913,-0.65,1.9586325,1.8493525
AgCu,4.48289435,4.2916019,1.80674345,47,29,144,128,203,186,11,11,1.93,1.9,1.30447,1.23578,7.5762,7.7264,-5.32,-2.792,1.968195,1.8965375
AgPt,4.19499935,None,1.52520045,47,78,144,138.5,203,209,11,10,1.93,2.2,1.30447,2.1251,7.5762,8.9588,-4.402,-3.166,1.95312,1.947905
CdMn,1.85849135,1.0793529,-1.43726355,48,25,148.9,127,230,197,12,7,1.69,1.55,-0.7,-0.5,8.9938,7.434,-8.073,-1.196,2.0594225,1.89147
CdZn,2.36158335,1.6172109,-0.89537355,48,30,148.9,134,230,210,12,12,1.69,1.65,-0.7,-0.6,8.9938,9.3942,-8.263,-6.45,2.0322225,1.93398
SnFe,1.43601935,-0.9743491,-2.18409555,50,26,151,126,233,194,14,8,1.96,1.83,1.11207,0.153236,7.3439,7.9024,-6.198,-0.899,1.99197,1.856955
SnZr,-5.19304865,-5.9630131,-4.00015455,50,40,151,160,233,186,14,4,1.96,1.33,1.11207,0.433283,7.3439,6.6339,-2.866,0.183,2.049765,2.012565
SnPd,1.59626335,-0.5893281,-1.96445255,50,46,151,137,233,202,14,10,1.96,2.2,1.11207,0.56214,7.3439,8.3369,-6.398,-3.829,1.9828225,1.9390225
SnAu,0.51677235,-1.8034771,-3.02158855,50,79,151,144,233,217,14,11,1.96,2.4,1.11207,2.30861,7.3439,9.2255,-4.027,-6.513,1.972365,1.9495625
WTi,-4.69988765,-3.1522751,-2.42052055,74,22,139,147,210,187,6,4,1.7,1.54,0.8165,0.07554,7.864,6.8281,-0.498,1.464,1.95898,1.98563
WNi,-1.60256565,-2.4518341,-1.55903155,74,28,139,124,210,184,6,10,1.7,1.91,0.8165,1.157368,7.864,7.6399,-1.417,-3.138,1.9421325,1.903745
WTc,-2.78276465,-2.3201791,-2.01447355,74,43,139,136,210,209,6,7,1.7,2.1,0.8165,0.636,7.864,7.28,-0.674,-0.796,1.9670925,1.969765
WSn,-5.34158065,-5.7546271,-5.20425155,74,50,139,151,210,233,6,14,1.7,1.96,0.8165,1.11207,7.864,7.3439,-1.118,-2.699,1.938895,2.0477075
ReV,-2.14034665,-0.8947821,-0.62708755,75,23,137,134,217,179,7,5,1.9,1.63,0.060396,0.52766,7.8335,6.7462,-1.71,0.253,1.9571975,1.92727
ReMo,-2.46496765,-1.1550111,-0.84273055,75,42,137,139,217,209,7,6,1.9,2.16,0.060396,0.74723,7.8335,7.0924,-1.573,-1.371,1.97314,1.9707225
ReW,2.11141535,-1.1598791,-0.89563555,75,74,137,139,217,210,7,6,1.9,1.7,0.060396,0.8165,7.8335,7.864,-0.536,-0.8,1.96873,1.9737075
RePt,0.33023435,-0.4410011,-0.07684755,75,78,137,138.5,217,209,7,10,1.9,2.2,0.060396,2.1251,7.8335,8.9588,-1.869,-3.924,1.9479475,1.9922275
OsMn,4.07447435,1.5322269,0.97636645,76,25,135,127,216,197,8,7,2.2,1.55,1.077661,-0.5,8.4382,7.434,-1.962,-0.362,1.9394275,1.8943925
OsCo,3.99072535,1.5356919,0.92975345,76,27,135,125,216,192,8,9,2.2,1.88,1.077661,0.662255,8.4382,7.881,-2.159,-1.995,1.9306775,1.8793225
OsCu,3.82895635,0.8088679,0.82062245,76,29,135,128,216,186,8,11,2.2,1.9,1.077661,1.23578,8.4382,7.7264,-2.507,-3.413,1.925935,1.963775
OsPd,3.90104335,0.8820109,0.79384445,76,46,135,137,216,202,8,10,2.2,2.2,1.077661,0.56214,8.4382,8.3369,-2.15,-4.426,1.9271225,1.97357
OsOs,3.68277035,1.3664659,0.67189645,76,76,135,135,216,216,8,8,2.2,2.2,1.077661,1.077661,8.4382,8.4382,-2.904,-2.875,1.9422925,1.9421175
IrCr,4.77034035,3.0307009,1.80350345,77,24,135.5,128,202,189,9,6,2.2,1.66,1.564057,0.675928,8.967,6.7665,-0.785,1.171,1.950615,1.890915
IrFe,4.79767535,3.2075829,1.79024545,77,26,135.5,126,202,194,9,8,2.2,1.83,1.564057,0.153236,8.967,7.9024,-2.569,-1.315,1.9438425,1.87287
IrZn,4.21332035,1.7998959,0.78661945,77,30,135.5,134,202,210,9,12,2.2,1.65,1.564057,-0.6,8.967,9.3942,-2.423,-6.692,1.9420425,1.9647875
IrRu,4.61291835,3.0158979,1.71470145,77,44,135.5,134,202,207,9,8,2.2,2.2,1.564057,1.04627,8.967,7.3605,-3.283,-1.97,1.9497675,1.9335625
IrAg,3.64306135,2.0324999,0.57953645,77,47,135.5,144,202,203,9,11,2.2,1.93,1.564057,1.30447,8.967,7.5762,-2.332,-5.127,1.94135,2.0027775
IrIr,4.76553835,3.2297339,1.78338945,77,77,135.5,135.5,202,202,9,9,2.2,2.2,1.564057,1.564057,8.967,8.967,-3.045,-3.044,1.9509075,1.950825
IrAu,3.47036435,1.5168499,0.50881545,77,79,135.5,144,202,217,9,11,2.2,2.4,1.564057,2.30861,8.967,9.2255,-1.921,-5.906,1.9406875,1.9796875
PtFe,4.88199035,4.1064599,2.09148445,78,26,138.5,126,209,194,10,8,2.2,1.83,2.1251,0.153236,8.9588,7.9024,-3.199,-0.63,1.9230475,1.86987
PtCu,4.57138635,3.7221519,1.90599745,78,29,138.5,128,209,186,10,11,2.2,1.9,2.1251,1.23578,8.9588,7.7264,-2.495,-3.505,1.9337175,1.8947725
PtRh,4.75004835,3.8528579,1.74612645,78,45,138.5,134,209,195,10,9,2.2,2.28,2.1251,1.14289,8.9588,7.4589,-3.458,-3.043,1.963575,1.93954
PtOs,4.66903135,4.3174939,2.19414045,78,76,138.5,135,209,216,10,8,2.2,2.2,2.1251,1.077661,8.9588,8.4382,-4.558,-2.205,1.975105,1.932735
PtAu,4.62128135,3.6774769,1.79577045,78,79,138.5,144,209,217,10,11,2.2,2.4,2.1251,2.30861,8.9588,9.2255,-3.316,-5.123,1.9514075,1.9560325
AuNi,4.95455435,None,None,79,28,144,124,217,184,11,10,2.4,1.91,2.30861,1.157368,9.2255,7.6399,-5.23,-2.417,1.959975,1.849405
AuPd,4.75078035,None,1.85978445,79,46,144,137,217,202,11,10,2.4,2.2,2.30861,0.56214,9.2255,8.3369,-4.71,-2.248,1.9585575,1.936685
AuPt,4.69946335,None,None,79,78,144,138.5,217,209,11,10,2.4,2.2,2.30861,2.1251,9.2255,8.9588,-4.695,-3.363,1.9576525,1.943525
AuAu,4.39701935,4.1681069,1.77923345,79,79,144,144,217,217,11,11,2.4,2.4,2.30861,2.30861,9.2255,9.2255,-5.478,-5.477,1.952395,1.9523925
